{"stats":{"minecraft:used":{"securitycraft:stone_mine":27,"minecraft:dirt":9,"securitycraft:dirt_mine":19,"mutantbeasts:mutant_zombie_spawn_egg":1},"minecraft:mined":{"minecraft:grass":1,"minecraft:grass_block":1},"minecraft:custom":{"minecraft:jump":137,"minecraft:open_chest":1,"minecraft:time_since_rest":9728,"minecraft:damage_dealt":10,"minecraft:crouch_one_cm":299,"minecraft:play_one_minute":12952,"minecraft:leave_game":1,"minecraft:sprint_one_cm":8120,"minecraft:deaths":1,"minecraft:time_since_death":9696,"minecraft:walk_one_cm":1420,"minecraft:sneak_time":209,"minecraft:fall_one_cm":6964,"minecraft:fly_one_cm":46186},"minecraft:picked_up":{"minecraft:dirt":1}},"DataVersion":2586}